7201,John,Taylor,29,2701
7202,John,Smith,30,2702
7203,John,Naveed,31,2703
7204,John,Milne,32,2704
7205,John,Jones,33,2705
7206,John,Archer,34,2706
7207,John,Fry,35,2707
7208,John,Paxman,36,2708
7209,John,Haart,37,2709
7210,John,Webber,38,2710
7211,Mary,Taylor,39,2711
7212,Mary,Smith,40,2712
7213,Mary,Naveed,41,2713
7214,Mary,Milne,42,2714
7215,Mary,Jones,43,2715
7216,Mary,Archer,44,2716
7217,Mary,Fry,45,2717
7218,Mary,Paxman,46,2718
7219,Mary,Haart,47,2719
7220,Mary,Webber,48,2720
7221,Ian,Taylor,49,2721
7222,Ian,Smith,50,2722
7223,Ian,Naveed,51,2723
7224,Ian,Milne,52,2724
7225,Ian,Jones,53,2725
7226,Ian,Archer,54,2726
7227,Ian,Fry,55,2727
7228,Ian,Paxman,56,2728
7229,Ian,Haart,57,2729
7230,Ian,Webber,58,2730
7231,Tom,Taylor,59,2731
7232,Tom,Smith,60,2732
7233,Tom,Naveed,61,2733
7234,Tom,Milne,62,2734
7235,Tom,Jones,63,2735
7236,Tom,Archer,64,2736
7237,Tom,Fry,65,2737
7238,Tom,Paxman,66,2738
7239,Tom,Haart,67,2739
7240,Tom,Webber,68,2740
7241,Tim,Taylor,69,2741
7242,Tim,Smith,70,2742
7243,Tim,Naveed,20,2743
7244,Tim,Milne,21,2744
7245,Tim,Jones,22,2745
7246,Tim,Archer,23,2746
7247,Tim,Fry,24,2747
7248,Tim,Paxman,25,2748
7249,Tim,Haart,26,2749
7250,Tim,Webber,27,2750
7251,Steve,Taylor,28,2751
7252,Steve,Smith,29,2752
7253,Steve,Naveed,30,2753
7254,Steve,Milne,31,2754
7255,Steve,Jones,32,2755
7256,Steve,Archer,33,2756
7257,Steve,Fry,34,2757
7258,Steve,Paxman,35,2758
7259,Steve,Haart,36,2759
7260,Steve,Webber,37,2760
7261,Andy,Taylor,38,2761
7262,Andy,Smith,39,2762
7263,Andy,Naveed,40,2763
7264,Andy,Milne,41,2764
7265,Andy,Jones,42,2765
7266,Andy,Archer,43,2766
7267,Andy,Fry,44,2767
7268,Andy,Paxman,45,2768
7269,Andy,Haart,46,2769
7270,Andy,Webber,47,2770
7271,Ben,Taylor,48,2771
7272,Ben,Smith,49,2772
7273,Ben,Naveed,50,2773
7274,Ben,Milne,51,2774
7275,Ben,Jones,52,2775
7276,Ben,Archer,53,2776
7277,Ben,Fry,54,2777
7278,Ben,Paxman,55,2778
7279,Ben,Haart,56,2779
7280,Ben,Webber,57,2780
7281,James,Taylor,58,2781
7282,James,Smith,59,2782
7283,James,Naveed,60,2783
7284,James,Milne,61,2784
7285,James,Jones,62,2785
7286,James,Archer,63,2786
7287,James,Fry,64,2787
7288,James,Paxman,65,2788
7289,James,Haart,66,2789
7290,James,Webber,67,2790
7291,Peter,Taylor,68,2791
7292,Peter,Smith,69,2792
7293,Peter,Naveed,70,2793
7294,Peter,Milne,20,2794
7295,Peter,Jones,21,2795
7296,Peter,Archer,22,2796
7297,Peter,Fry,23,2797
7298,Peter,Paxman,24,2798
7299,Peter,Haart,25,2799
7300,Peter,Webber,26,2800
